-- phpMyAdmin SQL Dump
-- version 4.8.3
-- https://www.phpmyadmin.net/
--
-- Хост: 127.0.0.1:3306
-- Время создания: Июн 08 2020 г., 18:09
-- Версия сервера: 5.6.41
-- Версия PHP: 5.6.38

SET SQL_MODE = "NO_AUTO_VALUE_ON_ZERO";
SET AUTOCOMMIT = 0;
START TRANSACTION;
SET time_zone = "+00:00";


/*!40101 SET @OLD_CHARACTER_SET_CLIENT=@@CHARACTER_SET_CLIENT */;
/*!40101 SET @OLD_CHARACTER_SET_RESULTS=@@CHARACTER_SET_RESULTS */;
/*!40101 SET @OLD_COLLATION_CONNECTION=@@COLLATION_CONNECTION */;
/*!40101 SET NAMES utf8mb4 */;

--
-- База данных: `travels`
--

-- --------------------------------------------------------

--
-- Структура таблицы `cities`
--

CREATE TABLE `cities` (
  `id` int(11) NOT NULL,
  `city` varchar(64) DEFAULT NULL,
  `countryid` int(11) DEFAULT NULL,
  `ucity` varchar(128) DEFAULT NULL
) ENGINE=InnoDB DEFAULT CHARSET=utf8;

--
-- Дамп данных таблицы `cities`
--

INSERT INTO `cities` (`id`, `city`, `countryid`, `ucity`) VALUES
(4, 'Paris', 5, NULL),
(5, 'Marcel', 5, NULL),
(6, 'Milan', 13, NULL),
(7, 'Roma', 13, NULL),
(8, 'Novosibirsk', 16, NULL),
(9, 'Moscow', 16, NULL),
(10, 'Alanya', 14, NULL),
(11, 'Istanbul', 14, NULL),
(12, 'Beyjin', 18, NULL);

-- --------------------------------------------------------

--
-- Структура таблицы `comments`
--

CREATE TABLE `comments` (
  `id` int(11) NOT NULL,
  `hotelid` int(11) DEFAULT NULL,
  `userid` int(11) DEFAULT NULL,
  `title` varchar(32) DEFAULT NULL,
  `score` int(11) DEFAULT NULL,
  `positive` varchar(1024) DEFAULT NULL,
  `negative` varchar(1024) DEFAULT NULL,
  `datereview` timestamp NULL DEFAULT NULL,
  `timeliv` timestamp NULL DEFAULT NULL,
  `catliv` varchar(128) DEFAULT NULL
) ENGINE=InnoDB DEFAULT CHARSET=utf8;

--
-- Дамп данных таблицы `comments`
--

INSERT INTO `comments` (`id`, `hotelid`, `userid`, `title`, `score`, `positive`, `negative`, `datereview`, `timeliv`, `catliv`) VALUES
(1, 8, 1, 'Отличный отдых!', 10, 'Удобное расположение, отличный сервис!', 'за все время пребывания не было!', '2020-06-07 17:00:00', '2019-07-31 17:00:00', 'Двухместный сьют с большой верандой с видом на Босфор'),
(2, 7, 2, 'Отличный отдых!', 10, 'Удобное расположение, отличный сервис!', 'за все время пребывания не было!', '2020-06-07 17:00:00', '2019-06-30 17:00:00', 'Двухместный сьют с большой верандой с видом на Босфор');

-- --------------------------------------------------------

--
-- Структура таблицы `countries`
--

CREATE TABLE `countries` (
  `id` int(11) NOT NULL,
  `country` varchar(64) DEFAULT NULL
) ENGINE=InnoDB DEFAULT CHARSET=utf8;

--
-- Дамп данных таблицы `countries`
--

INSERT INTO `countries` (`id`, `country`) VALUES
(18, 'China'),
(17, 'Croatia'),
(5, 'France'),
(4, 'Germany'),
(13, 'Italy'),
(15, 'Poland'),
(16, 'Russia'),
(14, 'Turkey');

-- --------------------------------------------------------

--
-- Структура таблицы `hotels`
--

CREATE TABLE `hotels` (
  `id` int(11) NOT NULL,
  `hotel` varchar(64) DEFAULT NULL,
  `cityid` int(11) DEFAULT NULL,
  `countryid` int(11) DEFAULT NULL,
  `stars` int(11) DEFAULT NULL,
  `cost` int(11) DEFAULT NULL,
  `info` varchar(1024) DEFAULT NULL
) ENGINE=InnoDB DEFAULT CHARSET=utf8;

--
-- Дамп данных таблицы `hotels`
--

INSERT INTO `hotels` (`id`, `hotel`, `cityid`, `countryid`, `stars`, `cost`, `info`) VALUES
(5, 'Hilton', 6, 13, 5, 41144, 'md,uk.klhmv'),
(6, 'Roma Inn', 7, 13, 3, 1445, 'md,k.l,aAX'),
(7, 'Alanya Resort', 10, 14, 4, 425, 'Nice suits, great location'),
(8, 'Ataturk Inn', 11, 14, 5, 1445, 'The best hotel! Royal view'),
(9, 'Parisan Hotel', 4, 5, 2, 425, 'Nice hotel, BB');

-- --------------------------------------------------------

--
-- Структура таблицы `images`
--

CREATE TABLE `images` (
  `id` int(11) NOT NULL,
  `imagepath` varchar(1024) DEFAULT NULL,
  `hotelid` int(11) DEFAULT NULL
) ENGINE=InnoDB DEFAULT CHARSET=utf8;

--
-- Дамп данных таблицы `images`
--

INSERT INTO `images` (`id`, `imagepath`, `hotelid`) VALUES
(20, 'images/restaurant.jpg', 5),
(21, 'images/220609087_WxH.jpg', 5),
(22, 'images/apartment.webp', 5),
(23, 'images/bad-oeynhausen.webp', 5),
(24, 'images/hyy.jpg', 5),
(25, 'images/XXL.jpg', 5);

-- --------------------------------------------------------

--
-- Структура таблицы `roles`
--

CREATE TABLE `roles` (
  `id` int(11) NOT NULL,
  `role` varchar(32) DEFAULT NULL
) ENGINE=InnoDB DEFAULT CHARSET=utf8;

--
-- Дамп данных таблицы `roles`
--

INSERT INTO `roles` (`id`, `role`) VALUES
(1, 'Admin'),
(2, 'Customer');

-- --------------------------------------------------------

--
-- Структура таблицы `users`
--

CREATE TABLE `users` (
  `id` int(11) NOT NULL,
  `login` varchar(64) DEFAULT NULL,
  `pass` varchar(128) DEFAULT NULL,
  `email` varchar(128) DEFAULT NULL,
  `roleid` int(11) DEFAULT NULL,
  `discount` int(11) DEFAULT NULL,
  `avatar` mediumblob
) ENGINE=InnoDB DEFAULT CHARSET=utf8;

--
-- Дамп данных таблицы `users`
--

INSERT INTO `users` (`id`, `login`, `pass`, `email`, `roleid`, `discount`, `avatar`) VALUES
(1, '123', '$2y$10$Om1GcvfqUNuL6ZIRK.V6R.A5QyCoOhHkjThYev9xTzSvTup2x.mDO', '152152m@mail.ru', 2, NULL, NULL),
(2, '1234', '$2y$10$tZnUZcWaCx1QEXzW9kfa4O9frSXcbJjS.Y7DQR9qLRNNI6VNGILEO', 'tdy@kfdn.com', 2, NULL, NULL),
(3, 'admin', '$2y$10$wn2FNsZ9Ycq3vO8w2EL/yOl6L0QinANhmuf8AwOSNakTNvi1j4y9e', 'qwer@mail.ru', 1, NULL, NULL),
(4, 'mary', '$2y$10$cQEE/dgVjupY5zxzuYpd7O2ATV6m.DFE2q7/qBbvt5bsN3WUb484G', 'mary@mail.ru', 1, NULL, 0xffd8ffe000104a46494600010101006000600000ffdb0043000d090a0b0a080d0b0a0b0e0e0d0f13201513121213271c1e17202e2931302e292d2c333a4a3e333646372c2d405741464c4e525352323e5a615a50604a51524fffdb0043010e0e0e131113261515264f352d354f4f4f4f4f4f4f4f4f4f4f4f4f4f4f4f4f4f4f4f4f4f4f4f4f4f4f4f4f4f4f4f4f4f4f4f4f4f4f4f4f4f4f4f4f4f4f4f4f4fffc000110801a002e403012200021101031101ffc4001f0000010501010101010100000000000000000102030405060708090a0bffc400b5100002010303020403050504040000017d01020300041105122131410613516107227114328191a1082342b1c11552d1f02433627282090a161718191a25262728292a3435363738393a434445464748494a535455565758595a636465666768696a737475767778797a838485868788898a92939495969798999aa2a3a4a5a6a7a8a9aab2b3b4b5b6b7b8b9bac2c3c4c5c6c7c8c9cad2d3d4d5d6d7d8d9dae1e2e3e4e5e6e7e8e9eaf1f2f3f4f5f6f7f8f9faffc4001f0100030101010101010101010000000000000102030405060708090a0bffc400b51100020102040403040705040400010277000102031104052131061241510761711322328108144291a1b1c109233352f0156272d10a162434e125f11718191a262728292a35363738393a434445464748494a535455565758595a636465666768696a737475767778797a82838485868788898a92939495969798999aa2a3a4a5a6a7a8a9aab2b3b4b5b6b7b8b9bac2c3c4c5c6c7c8c9cad2d3d4d5d6d7d8d9dae2e3e4e5e6e7e8e9eaf2f3f4f5f6f7f8f9faffda000c03010002110311003f00e736d1b6a6db4bb69d8920db4bb6a6d946ca00836d26cab1b28098ed4015f652ecab1b280940883652eca9b65284a0643b280956365284a00afb2976558d946ca00afb28d9563651b2802beca5d953eca3650041b28d9563651b2802beca36558d946ca00afb28d9563cba5f2e802b6ca36559f2e8f2cd0057d946cab1e5d1e5d022beca5d9563cba5f2e985cafe5d2ecab1e5d1e5d0043b28d9560252f974015f652eca9c474a1280b95f651b2aceca3650057d94bb2ac6ca3650172becf6a36558d946ca02e41b28d9563651b2905c83651b2ac04a511d0172b797ed4be5d59d94797405cadb28d9567651b280b95b651b2aceca4d9405cafb28d95676526cf6a02e56d946cf6ab3b293650172beca36558d98a5d94c0adb28d9567651b280b9576526cab5e5d1e5d0054f2cfa52f966ad6ce28d9ed40157651b3daad6ca3650055d94bb2ac6ca5f2e802b6ca36558d94bb280b95b651b2aceca3650172b14a36559d949b280b95b65218ead6ca3650055d9414ab5b293cba00abb28d9568c749e5d0056d949b2acf974bb3d6802b6ca4d956b67b51b2802aeca36559f2e93650056d946cab3b28f2e802b6ca4d956bcba4f2e802b6ca36558d947974015f65156367b51405c8bcba3cbab3b29767b50055f2e97cbab3b28d94015bcba5f2eaceca3650057f2e811d58d94bb2802b88e97cbc558d94bb334015c474a23ab1b297650057f2e8d9563652eca00ade5d1e5d59d946ca00ade5d1e5d59d946ca00afe5fb51e5d590946ca4057f2e8f2eac6cf6a5d94015fcba3cbab1b29767b50056f2fda8f2eacecf6a5d9ed4c456f2e8f2eac84a3650057f2e8f2eaceca5d94015bcba5f2eacecf6a3650057d94bb2ac6ca3650057f2e9447563651b2802bf97418eac6ca5d9ed40158252eca9f652eca00afb297654fb28d9ed401004a5d953eca5d94015fcba76ca9b652eda4041e5d1b2ac6da36d0057d946c153eda36d0172beca367b54fb68db4c2e41b28d953eda36d0041b0526cab1b68d9401008e8d95636d1b6802beca367b558d946cf6a0083cba4f2eac6da36d0057f2e93cbab3b6936d0057d9c74a4d95676d1b2802b84a3654fb6936d0041b28d953eca3650041b28d953eca4d940c87651b2a6db46da0083651b2a7db46da0083651b2a7db49b68020d946ca9f6d26da0087651b2a6db46da0083651b2a7db49b68020d949b2a7db46da0083651b2a7dbeb46da0083651b2a7db46da0083651b2a6db46dc50041b28a9f6fb51401185a5d9526dcd2eda008b6d26da98ad2eda0443b697654bb39a5db40c8425284f5a942d2eda0444128d9536da36d00441697654bb680b40116da5db52eda36d0322db46ca976d2eda0445b68d9536da36d0321d98a3654db6976d0043b28d95304a5db48083652eca9f6d1b28021d946ca9b6d2eca008365284a9f6d0168021d94bb2a6db46da0087651b2a7db46da04421697654db6976d3190eca36d4db6936d0221db46da9b6d1b68021db4bb6a5db46da0443b6976d4bb68db4011eda36d4bb6976d0322db46da976d2eda00882d1b6a5c51b68022d949b2a6db46da00876d26da9b6d1b68021db46da976d26da0447b68db52e28db40c8f6d1b6a5db4628022db46da97146da008b651b6a6db49b68022db49b6a6c52628022db49b6a5db4628022db49b6a5c518a008b6d1b6a5c518a008b6d1b6a4c518a008b6d1b6a5c52628023db46da9314628022db46da9314628022c51b6a4c518a008b6d1b6a5c52628191eda4db526da36d02222b9a36d4bb68c50323db46da9314628023db4856a5c52628023db4856a5c52628023c5152628a008c0a5c52e29714c43714b8a7628c5201b8a5c53b1462801b8a5c52e29680100a5c52e2940a006e29714ec518a004c518a76297140c6629714ec518a006e29714fc52e29011814bb69f8a31400ddb4bb69d8a31400ddb46da7e28c500376d18a775a31400dc52e29692810628c52d14c04c52e29696801314629714b8a006e28c53b1462801b8a314ec518a04376d1b69e0538293d28023db46daad71ab6996adb67be815b38c06dc47e59c54d6b776b7b197b49e399475287a7d476a07663f14629f8a4c5021b8a314ec518a006e29714b8a3140c4c518a5c518a043714629d4dc5002628c52d140098a314b45002628c53b146280131462971462801314629d8a3140c6628c53b1462801b8a4c53a8a006e29314fa4a006e29314fa4a006e28c53a8a006629314fa4a006d2529a4a0031494b8a2801314514b8a004a314b8a5a006e28c53a8c503198a314fc526280198a314e229281098a314b4503131498a7d21a006628a771450222a5a297140052d0052d002628c53a9281894b8a314a2810a052e2814b48618a31452d0018a29692800a28a05301452d14b48028a29680014b494b4005145140094518a5e94084a0d2d140094b4629714c04a5a5c52d0020a5c5029714009452e28c500252814629e050067eadaa41a55bef97e791bee463a9f73e82b85d535cd42f4b89a7213fe79a1da98fa77fc6ac78a6e1dbc433c736f08a55381921300f03f5fc6b1eded27bc97cb553f3562db7bec74c528ad372abcacd903a558d3751b8d36f52e6ddb0ebd41e8c3d0d7449e1b8e2b621b2ceddfb03ed585a86953599ddf7971dbb568969a1937aea7a6e9d7b0ea5651dd5bb02ae391dd4f706ac115e59a26b371a45d89623ba26c09233d187f8d7a9c3224f0473447747228653ea08c8a6990d584a314e228c531098a314ec526280131498a7518a006e29314e22931400dc514ec52502131452d1400628a28a06140a296800a4a534869009452514c033466928a0028a292800cd2668a2800a28a4a00534514940011498a53494008692968a004a28a280168a5028c5030a28c51400941a290d0021a4a5a43400525145002e6933499a2800a2928a042629d8a5028c52b8c4029714b8a5c51701b8a314ec518a2e161b4b8a7628c52b8082969c052e28b8ec371453b6d18a2e21b453b6d1b68b80da5a5c528145c0414a05382d285e295c06e29714fdb405a2e03314549b68db45c0652629fb68db45c06e28a76da36d170b0ca29fb68db4ee0340a5c52eda5db45c06d2e29db6976d1701b8a5c53b6e6976d170b0cc518a7eda5db45c2c300a78141da88ceecaaaa32589c003d6b8ed6fc49717922e9fa224a44bc79aaa7749ea107a7bff002a2e34877882d1752d61859e24902057c1180c32393f90ad0d274b5b088ee2a244c2b14e496ff0e83f0aa5a4f87f58d3d44bbe105f9689581707dc918cfe35b36f1bc6fbaf209939eab82bf8edae1adcf16df43be94a9b8a5d48250cd1165180a71c77ac8bd8fcd858119aeaafa111424c6bd4678ac2bbb5786cc4ce3ef8ce3bd6f87aaa48c2bd2b3ba3cf678fcb99909ce0d7a67836e3ed1e1b801396859a33cf4e723f422bce2fcab5d318fa135d8fc39977477f013d0a381f983fd2b7307b1d811498a90ad26da2e4d86628c53f6d1b68b8588f1462a4db46da2e1623c5262a52b49b68b8588b1498a94ad26da771588f14b8a7eda3145c08f14629f8a3145c2c3314629f8a36d1718cc5262a4db46da57023c5262a4db46da2e0478a29fb68db45c08e92a4db484517023c518a7e29314ee03314629f8a3145c06628c53b14628b80dc52629f8a4c51701b8a4c53f1498a5701b8a314edb4a051701b8a5c53c2d1b68b80cc518a7eda36d17023c5348a976d348a2e0478a4c548453714ee0331498a7914845170198a08a7628c51701983453b145170b0f0b4bb69e169c16b3e62ac46168db526da5db4730ec478a36d4bb68db4b982c458a7014fdb4e0b4730588f14b8a902d3b6d2e61d88b6d1b6a5db46da3982c43b68c54a568db4f985622db4bb7daa4db46da398561805281526da36d2b8ec3714b8a7e28028b8586628c549b68db45c2c478a36d49b68db45c2c478a31526da36d170b11e28c549b68db4ee2b11e2969fb68db45c2c3314b8a7eda0fca32413f419a2e161a052e2a292f2da21fbc9187b796c7f90aa72f8874c84ed32bb37a6c2bffa1629ea1634b6d47713c56b1879988dc708a0659cfa281c9354e2d46e6f322ced24453d1caee3f8744ffc78fd0d3e2d24c92196f642e586194392587a33f1c7fb2a157d7346db8ec664e979af398c2aa5aa372a4ee407fdb23fd630fee8f947727a56be9fa65b69eac6152f338fde4cfcbbfe3d87b0e2af2a2a2aa2285551855518007a014b8a4e43b0cc514fc518a570b0d913cc84a8e0f383e958be22223d3d2d7a9c60fb0ae802fc8aff00ddfe7fe4d72de32321b673130185c9f5fa572434aa7636dd2d0f349b1e6b60f19e2bacf873bceaf70148dbe49dc083d323a7e38ae49f21b9fcebb7f8671e6eafe4c0e2355fcc9ff0aee6f4388ee4ad26df6a98ad1b6a2e3b10eda36d4db2976517158836d1b6a7d949b295c76212b4ddb53eca4db4ee2b10eda4db536da42b4ee2b10eda3152eda36d170b11628c549b68db45c2c45b68db52eda36d1cc3b1162936d4db6936d2e60b11628c54bb68db45c2c43b68db52eda4db4ee1622c5262a5db49b68b8ac458a4db52eda4db4ee1622db46da976d1b68e60b116da36d4bb68db473058876d26da9b6d1b697307290e28c54db68db4730f94876d2e0d4bb68db4b982c478a3152eda36d1cc1623c518a936d2628e60b11914856a52293147305884ae29bb6a72b49b68e61f29015a4db53eca4d9473058836d1b6a7d948569f30b94876d1536ca28e60e5142f14a169e052e2b2e634b0d028db4ec528a5cc3b0cc52eda762940a3982c37146da7e29714b983946014bb69e052e28e60e5198a314fc52e28e60b11e2936d4b8a4c51cc1623db4bb6a4c518e69f30ac302d2e29f8a5c52e61d86629714ec52e28e60b0cdb46da900a314730588f1462a4c518a3982c47b68c5498a314730588f14bb69f8a314f985619b68db4fc518a7cc2e51a16942d3b14628e60b00c8e848fc6803072060fa8a5c52e28e61d84e4f279a314ec518a571d86e28c53a8a570b0dc52e29d8a314730587f4817dce0fe75cd788616991e264fdd773ea7fce2ba62098100f53fceaadc5aa5dc1c838ddcd609daa5d9d095e163c7ee34e90bb0894b1cf41ce2bb6f86f1dc4505ec3340ca85959242b804f20ae7f2ade9b4ed2f4bb292f35150d1a7201e7e831deb9ad63c4175a9c620b4436d6a3e508bf79fd0123a7d0575cea2e5d0c6146527a9d35eebfa659ca62798cb20eab0aeec7d4f4159f378b608df6ae9f70e48ca8debb9875e00cd51f0ef87279248ee351502204931b1e48e806dc7afbfe1debab9618ad53cb85238d7eeed51b40fcba566a5ad8d1d38ad8c05f16bb2e468b759ed99147f3ff0a82e3c692c2ecaba3ca71fde931fc948ab9791953f32f079c1aa5261d472403d715d6a945ab9c6e6d3b588a2f88306713e9922faec9837e840ad9d3fc59a25f9082ebecf21fe09c6cfd7a7eb581736304c9899524cff007973faf5ac5bbd0a0627ececd0b760ff00321fc7a8fd693a3d81545d4f53015943290c0f420e45215af27b2b8d734472d6a65d83a8525d7f2ae9f4af1fc321116ad6e636e9e644323f15ff000aca54da2d34cebcad26da2d6e6daf6013da4c93467f894ff9c54856a39ac3b11629315211498a3982c478a5c53f14628e61d86628db4fc518a5cc1619b6936d498a314730588f6d1b6a4c52628e60b11e2936d498a314730588f6d215a93148451cc1622db46da931498a7cc1623db46da9314629730588f6d18a931498a3987623c518a9314628e60b11eda36d3f14628b8586628c53f1498a2e161b8a314fc5263da95c2c37148453e93145c2c3314629f8a4c5170b0cdb46da7e28a2e1623db46da9314628b8588f6d26da9314628e61d88f6d152628a2e2b11814b8a5a5c545cd2c2518a5a5c52b8584a5c514b4ae3b098a5a3345170b0b4b4945170b0ea29297345c2c2d18a4cd2d170b0514a28a2e2b051452d170e50a28a28b8585a2928a2e161696928a2e16168a4a28b8728b451453e60e50a28a5c53e61728514628a398394296928a2e16168e28a5a2e160a28a514ae160c514b452b8ec3d3984fb1a4b68fcb523fbc771a22e495f5a4051670a01e9fd40acdef72d6d633f52d286abaaa497ac4d95aae561cf124879c9f60303fcf24a6deca02f1c11a797d15140e79381fad739e2b9750d27c42b776d2c82198ac823dc7633018208fa62b3af7c5734d2482180aa3709b8f238e73ebce31ffd7ad651726ac5c345a9dbd9dcafd863ba9083b90b1c761d71f9555d5a491633f36463e5607aff009ff3d2bce2d358bfb5907932b1407fd59e463d2b5f4ef1594b23677d06f40311b83c8c7407fc6854e51775a87326b53521d50c8e6dee99060655c9c7e752094dbc85d577452fde56ec6b9dd6dedde18af34e9f7f00950c372f6e47d71f9d66d96b3776cc15c89231c6c6e063d3dbfa1e6bae2d5ae8e59277b33af9a540c766421e99eaa7d2a8dcca5173d41ace9fc430b80c2de457c6186460fbd50bcd67cfb7291c6636c820e6b78cd58c250699ac2e031c6e2a7d6b2ef6e1d2768e723d99816047d0e6b3bedd71d9ff004a6c93c93106562d8e94a53ba08c2cce8344d7a5d3ae43c5b5437dee73bbea3bd7a268dadda6ae85617513a0cbc59c9c7a8f515e3f0c51c8c079a233fed03fd2b52db4f9bce578aed43af2af1b82c3f5cd6528f3a2efca7ae95a42b5c8693e22d42cb6c3ac29ba83a79f18cba8f71dc7ebf5aebade786ea059eda549627195753906b9e709437348b52d84c52e29e45262b3b976198a314ea4a2e16131498a7525171584a2968a2e3b0d229314ea4c5170b09494ec5253b8586d253b1498a2e16129297146295c76128c52d145c2c2628a5a28b8586e28c53b8a4a2e2b0da2978a28b8ec25252d145c2c25252d25170b05252d145c76128a28a2e2b0514519a2e16131451450160c51499a28b8586d2d341a5cd4162d1499a5a0028a297140094b4945002d2d252d002d28a4a5a431681499a5cd3016969b4b40585a2929695c560a28a298051451400b45252d0014b9a414b40051452d2b80514b453b85828a297145c04a5c518a5c5171584a5146297145c031452e28a2e01452d25000a70c0fa1a56c243bce33b87cd8f56c525248be6c2d09380f819f4e6a65dc688756b48757d24c4f901b953dd581ff00f5d7975f40d697125bba92d1b91b88e1874c8f6af508650b717109c856732267b1cf3fe359baa787ecb5472d7124b1dc01b432b707b8e0ff004a2359366a972ab1e6b22aedcae148efcff9f6a582d0ddb6c89773b7dd00f5ae9aebc1d770ab1b4bb8a66ef1ba94dc3f519ac85d0b5ab3904f15a30319dc02ba9fd01e6ba14e2f664b4fb1932c0d0b6248a4561d723150ec6d8582920f15e85790dbea10a49756be5bb28dc0fde071deabc1a5e996a088d558b70de67cc7f107a7e02ae353b99ce1d8e01cf1d699ee6bb6bbd37469a462c62461d764a01fc79fe955a5b3d0530ac615239199bafeb5bc7539a5b9ce58e9f3ddca02236ccf2ddaba39b41b2923509218a400027b37e1556f3578e1091e9fb594704807007a0aa326b57648f2f083b820303f9d3d09b33a18f49b158563902be06377427fc9a94c1691c5e5050631c857f9b1f9d726da95e31dde732f1fc200a0ea578c3124c587fba3f9d529a1723674aab1a36609881fdddd91faff004a922be9ace6f36d9da290fde28701bea3a1fc6b90373719c990d3d750ba46f9656c1ec40228e75b07233d134ff1bdbef5875785ad98f1e681943eff004f7aea2dee2deee30f6b3c5329ef1b861fa5788cf76f383bb0a0fde51d09f5c5428ed1387899a371d1909047e35cf2a516f4d0d549a5a9ef04534d79469de32d72cb0af73f698c7f0cebbbff001eebfad76da5f8c74abf8d44f30b498f1b24fba7e8dd2b195292d8d14933a0a4a5c82010410790477a4359dcab0504d14948760a4cd148680b0b9a4cd149405833494a6928b8ec1494514ae3b0514945170b0b4945253b8585cd252537bd31587519a6d26680b0fe2929b9a33400ea4e2933499a43b0ea4a4a28b8585a334525170b05145145c560a2928a2e160a2928a770b1183c5148296a6e558514e14ca5cd170b0fa5a6668cd2b8587d2d301a5cd170b0ea5c53734b45c2c2d14945171d85a33494945c43f34669b4b400f14b4d14b4805cd1452d30b0518a2945170b098a5c52d145c2c2628a5c514005145140828cd145300cd2e69b9a5cd003b34669b914b914807669734ccd19a2e161f9a334dcd19a770b0ecd19a6e68cd171585cd19a6e4519a0761b7119954143b6456dcadef4d744970af1ed9318c763eb8a9370a5dc320fa74aca54d32d49a2a5c79a13700ac3b861c0aa5ba4914feecaede9927afe55a72c7bd99b39c8e99e2aab159008d37ab0f97047eb5cf24e2ce8a725630f50129c86451fed0639ac59ede5906c662e98c153cfebd6ba2be86691b6a29e3a93d3eb50ae9f003b5d8962383ef5db46a251dcc2ad3727a23961a7c12385b992e8a76dac0edfc08ab27c2f68f18920be3b4f40f853fa8ad2b88c44cc0a83fcaa84f24c9b7ca2d853918cfca6ba1f34be1673a718fc48ac7c38e49891a5693a81b78c7ad5497459216db2ef43eeb8ad15bcbc0ccde64996ea4b669865b89301a467f6639fe74e3ce9eb6149c1ad0cefecf8f18def9fc29e34a523397fcc7f856e47a16a93c1e74568db7190372827e809cd45a44d6525d1b5d464b8b3943603305dbee082383efd2aef75a19af332a3d26394e17cc3eb538d0a2032c5f15dd0f0b5870e2e6ec93cee0ebcff00e3b565743b2550bba76c0ea5ff00fad584aabe86d182ea79d8d0636c08f7127dcd171e1f92d903cd11553ddba57a2ae8d62b9e25607a8f308cfe58a9534eb28d19043b91baabb3303f812697b6921ba71672be1db2d3350df15ce896ced18ff5b1ee19f6233807f102ba0ff846742eda643f9b7f8d5c86cecede4125bdac31385dbb91029c7a715316a2555b7a0a34d2dc48218ada1486dd0471a0c2a8e805389a6eea4cd66d9761f9a4cd37346695c76173499a4cd250161d9a4cd251405833466931450019a33498a4c5002e68cd251400b9a4cd18a29806693341149834c560cd266970693145c2c19a33498a5c5170b0b9a4a31462800a5cd18a290c4cf34b4525001451450014504d266800a2933450222a28cd2669162e68cd266932290ec3b34b9a66ea5dd400f14a2a3dd46f140130a70aafe67bd2f99ef45809f34541e60a5128f5a2c226c518c54424cd287a2c04940a687a5dd400f14bcd3037ad286a007e696999f7a5cd003b34034d268cd003c352e6a3069734012668cd479a5cd0161f9a6e69334502b0668cd1453b85833499a5a3145c2c19a334628c1a00334b9a4c7b52f348619a5cd379f4a32680b0ecd19a664d1934c561d453726932680b0fcd2669b9349cd1619286a0856e5941a8b9a70cd26810975119946c0371041f7f435c7b4b37dad6dc1392db41f4e6bb419ae56e310f8ca0898ed567040fa8e0fe63157462b99ab13524f95599ad1e92f136edd1ca3fbacbfe356a1d3acfefbda46afe9d8fe19c1ab9cd254dd8dabee576d36c19cbb5aa331183c54b6f6d6b6c08b7b78e30dc1daa067eb4fa28bb0b21fbb03038accd6346b5d557748be5ce3a4aa39fc7d6b428a13b058e3e0b9d57c3930827fdf5b76539c7e07b7f9c8ae9ac354b6d453303fce07cd1b70c3fc47b8a9e7822b888c5320743d8d72daa690ba5a9bc8a5708ae0f5238efd390dee2aeea5b8ad6d8eb37534bd607867589f5079adae887689772c98c1619c723d7a56f1c529c1c1d98424a4ae837d26fa38a4a9285dd46ea4a38a02c2eea33494a28017268c9a00a5a401c9a39a29334085e6939a4079a7500260d260d3a8a006f3452e28228189499a5a4a0033499a09f6a6fe140587669b9a4a280b0bba9375140140585cd19a4c528140583346697146280b099a29d8a4c50212929d8a4c50161292948a4228b809452d14ee055cd19a76c146d02994309a4c9f5a7ed146d14011e4d193526d140514011e4d273536c5a7045345c2c41cfbd193ef563ca0690c428b8588327de8cfd6a7f2851e50a2e2b11063ef4e0d4ff00287a51e50a2e03438a70714795ed4a22a5a00a1c52ef149e5d1e59f7a3418f0e3b52890547b0d1b4d2b01307069430f5a83068f9a8b016370f5a33ef5065851b9a8b01367de9c0fbd57c9a3269d8572ce697f2aadb8fad2ef34582e58a5e2abf98693cc6a2c05afca8aade6351e6351602cd19aafe6352866a56027cd19a8b269466818fa29066970680b05149cd2f3e94084a314ec1a5e6801983460d3f9a39a006ed34b834b462801715caf8ca26b7b9b1d462e1d1b69fa8f987f235d5006b1bc596e65d0e461c98995ffa7f5aba4f966993515e2d1b11c8b2c492a1caba861f42334564f85a6fb4e8300ce5a12623f874fd08ad729ef4a71e59341195d2625146cf7a367bd48ee1f8d271eb46c146c1eb4c2e19f7ac3f180ff89316079dc00fe7fd2b7420f5ac1f17aa496115b97c6e7dcd83d001e9f5a6b741be850f0441b45ecd8e32880fe64ff315d411543c31642d74380b70f37ef9bfe05d3f402b50c63d6aeacaf36c8a6ad14880d264d4a62f7a4f287ad4685dc889349b8fad4a611eb4df247ad1a00cdd4a1e97c91eb4862f7a3418be601479a29a62a6f942958097cd1479a3daa1f2a936114ec809c3ad3c3835530452e4d2b016f78a378aa9bfde977fbd16196f70a322aaf99ef4a251eb4ac162cf149815079a077a4f387ad160b131029302a1338f5a4f3c7ad3b3027c0a38aafe78f5a4f3852b302738a6923d6a1f347bd219053b012ef0293cc02a1dc0d2134ec04fe751e7d55228228b0167cf1eb479f553069769a2c845af3e8f3c7ad54d8deb46c6a76405bf3c7a8a3ce1ea2aa6c6a4c3d2b2116fce1ea28aa986a28b058932fe949f3fa5384c71d3f4a5131f4fd2818cc39ed46d93d2a413fb7e94be781d8d00302b9ed4e08de94e1703d0d02e07a1a5a8c154f7152018ed4cfb42fa51f685f4a2cc09413e94e0ded55c5caf614bf695f4a5602c6e1e946e1e955fce43da8f345160b16772fa52ee4aade60a37034582c59f3128f313d2aaf1eb4607ad3b0ac5bf323f4a3cc8ea9e07f7a9368fef5160b177cc8e8df1fb5512a3fbff00ad215ff6cfe74582c5fdd19f4a331fb567edff00a687f3a08ff6cfe74580d0cc7ed49fbbf6ace0771e1ff5a773fdefd68e502f1f2e90f9754b27bbd349039dd9fc29f2817be4a4f97d2a9a49919e7f2a786fafe5472b0b96be5f6a3e4aaa4fd7f2a371f7a2c32dfcb49f2d56049f5fcc528dc7be3fe0428b0167e5a5016ab618ff0018ff00be851b5c7f18ff00bea8b016fe514b9515530dfdf1ff007d5015bbb8fce9580b7bd68f316ab843fde1f9d3827bfeb45844be6ad1e6ad45e59ff26810d03b1309450641517927d697ca23bd0161fe68a5f34545e51f5a3cb6ec451a0ac4de62d1e62fad43e5bff7851e5bff007c516027f347ad457616e6ce6b73ff002d10afe38e29be5c9fde1f98a50920fe31fa5160d0e6fc1575e5cd7566ddc09147d383fcd6bab325710a0699e269e42e1116e029e47dc7cfe8320fe15d83452f6907e62b6acaed4bb9952d9aec4de60a432d406297bca3f314795263fd60fceb2b1a9379b479b50792e7fe5a0fce9444ff00f3d07e7459089bcd35cd6bb2c977a9b5823823318231d3771e9fed0fceba11039ff969fad739a615bef105c4f13643b9707fd95181f8e48fcaaa2ba833a8f3368c2f007007a5279b519b773fc7fad37eccff00dffd6a74192f9a6812d45f667c7dfa436aff00dffe7459013f9a3da93cd1ed50fd91bbb8fd690d9b7f7c5165dc2e4c651ed4d329ed8a8fec67fe7a0a70b4c7fcb4a2c805f30fb7e5485cfb7e54bf65ff00a694a2dffda1f952d0633737a8fca937b1ee2a5f231de97c91ebfca8b8101ddea29a43fad5af2ffcf14bb3145c2c53daf49b243577147d3f9d1cc1628f9521a4f265f5abfcfa7eb4993e9fad1cc16281825f5a3ecf2fad5f24fa7eb49b8fa51ccc5628fd9a53de945ac9eb57371feed26f6feed1ccc762a7d95fd4d1f657f5356b7bff007451b9c76147330b157ecadea697ecc7d4d58cc9fdd14d2d2e7a2d1ccc2c45f6634bf663eb4f2d376d9485a7ec128bb013ecdef47d9c7ad216b8f54a696b83dd28d407f92077147943d4547fbffefafe9487cfff009e8bfa5004de5afa8a5d8bea2ab912ff00cf41f98a4fde7fcf51ff007d51602c6c5a362d57c3639947fdf548437fcf61f9d3b0ae5adab4555018ff00cb6fd68a2c1722fb349c609ffbee90db4bd9b1ff000315179e719fb67fe4c2ff004349f68604ff00a5a9f7fb4fff005eaecc9ba2c7d9a4c7de1ff7d8a69b6973f7d71fefd462e1fbdc0ffc086fe9479eff00f3dc0ffb6ef472c83990f36b30ff009689ff007d53c5b49fdf53ff0002a87cf94ffcb653ff006d24a37ca7a4b9fc663fd28b482e897ecd277751f89a3ecd2ff7d7f5a8b329fe227fe032ff00f1349b64041c03ff006c643ffb2d3b30ba27fb34c3f8d7fef96ff0a3c89bfbe3fefdb5425256e4a03f5b673ffb2537c8763cc299ff00af36ff00e228b3ee172c7932ff007fff0021b51b251fc67fefd9a83ecf20c7ee10ff00db99ff00e2297c990f0215fa7d93ff00b1a2de61725c38eae7fef8346e6ef2e3f0a885b4dd440bff0080a3ff0089a70867e823c7fdbb8ff0a2cbb87331fe605eb2ff002a4f3d475987e62904373d4093fefd28feb4a62b91de61ff00015ffe2a8b47b8733ec1f684ff009ec3fefa14f1711e3fd603ff000314cf2eeffbf723f15ffe2e9de55d779ae47fc0d7ff008e52b47b8733ec385d2678653ff02a78973d067f3ff0a87cbb818065b9faf989ff00c729a5241f7a49ff001963ff00e39459770e67d8b3bdfb467fef96ff000a70f308e233ff007c37f8555111eef29ffb6a9ffc5d0624eecfff007f53ff008aa565dc7cc5a092768cff00dfb7ff000a5f2e6fee1ffbf6dfe154c4509eea7feda46697ecf011cf967ead1ff850172df9131e4a1ffbf6d4791281cc67fefd9aa7f67808fb9093ff006cff00f8d9a516d00ff96307d76c7ffc6a815cb66da5cfdcff00c70527d9dfd07fdf23fc6ab9b68fb430ff00df29ff00c6a944246079311fa281ff00b468b85c9c42e3aed1ff007cff008d35a360705907fc0907f5a688e41d231f97ff006aa5db719e131f9fff001aa571dc5f2cf69631ff00035ff1a4dac3acd17fdfe5ff001a7e6eb207cfff008f7ff10297fd272397ff00be5e9dc5a9195c024dc45c75fdf0a363103173173ff4d854a4dc9e4bca3e8927f8d26e9c1c79b3ff00dfb97ff8ba2e047b1c7fcbcc1ff7f697ca9bfe7e21c7fbe7fc2a4dd37fcf59ff00efdcbffc72937cc3fe5b4dff007c4bff00c728bb019e54fda78cfe27fc291a39ff00e7bafe0ae7ff0065a977ca73996e3f0571ff00b529bbdffe7a5d1fc7fc5e8e66161bf67b9c7fae3f823fff001347d9ee3b4aff0084521ffd96a41b88fbf767df727f8d3baff04e7eb247473b0e522104c4e3cd97fefcbff8527d9a5fef4c7e96effe156860f4b73f8b4752054c0cdb46df5f2ffc297b461ca51fb3cc3f8ae3fefc3502099802ad7041ee23ff00ebd5f0918eb6f163bfdcff000a7a8b71ff002ed0fe4b47b461633bc89c76baff00be00feb47972ff0072ebf251fd6b50b4407fc7bc58fa0a412420f30c63fe03ff00d6a7ce2b3ec6779727f767ff00be947f5a02bf71371eb2a8feb5aa2484f450b839e17afe943cb1952a48c118e38fe429a9217bdd8f37d76e376a57f163abaae3fdce01f7ea6baf85c9b788c8e371452d9b8039c572facda5b43a8dd25bdba2aa6dd8a198e493effe79aee2c00b7b48a0d89b5500037e71c76ad6728f2a222a4a4ca3bc67efa7fe040a43285ea53feff7ff005ab608b76fbd1a127d81aa92cb611c811e38bccc671b07f85669c5bb16dc9147ed0bd32bff007f6944ec7a74fa9357a216522ee48c75fee0ff000a7ed839fdd2e3fdd1fe143704c173b31753bd5834f98c8fb4bc6caa0e46e24638e7deb2746beb4b18d524986f2cc1fe5fbb9c0ebdc7ca2ba1d534eb1bc8e4924b1df32a1dac1b1d3a7008ac0d16cad259d45d5aa4982415607daae2e1cad2225cfcc9b3a22ce0f31cbf847ffd7a0f99da297fefd8ff001ab71c96d02ed82011a8e814003f9d38de67f8587e23fc6b276e88d13914f6cbff003c273ff00146241d609bfef8156bed4c79e7f4ff001a63cd2b0f96475c7a05feb9a5a761de443f39e04331ff0080ff00f5a8092e4930cbedc1ff00e26a413cd8c17e7e8b49e6487fe5a9fc93fc28d3b0fde18165c9fdc4bf937ff1147ef81c79320ffbefff0088a7977c72f9e3bedff0a6ef6e7e61cfd3fc29681ef07eff00fe793fe6ff00fc4527efbfe79b8fc64ffe269bb9871e67e385e7f4a0171d263fa7f850920f7871321e8ae78f57ff000a45597b093ff1ea4df2769dbf21fe1484b9fbd267ea8bfe14ec83de1fb6738c24bcfb1ff1a0a4fd4c737e5ffd9545b47af3ff005cd7fc29a22c72319f5f2d7fc28b20f7894993a6c93f35ff00e2e82641ff002ca5fcd3ff008ba60120fe238ff75697327f79b9fa51641ef0798fd36c80f7f9a3ff00e394b994ff00049ff7d27ff174dfde0fe37ffbe88a4dd27f7e5ffbecd1ca1a926d98ff00049f8ba7f8d21498ff000c83fe069519661ff2d25e4ff7cd2ee703efc9ff007dd161ea4be44a7b3ffdfc5a3ecd2b73f37fdfe1fe150ef3d3739fab67fa53723b827ea734598163ecb27766ff00bfe3ff0089a4fb23f42c7ff023ff00b1a80363388a33f55cd3495ebf6787fefd0a2cc2e58366e7a367fede4fff0011486c65ec41ff00b793ff00c4541b8703cb8c7fdb3a4dfe91a7e09ffd7a2cc44c6c641d94ff00dbc1ff00e2693ec720ec9f8ce7ff0089a883b03c263fe03ffd7a51236795cffc07ff00af542b3ee3859c9ff4c7fefeb7f8528b5907f1403fedab537ccffa640fd54519eff678ff00ef914ae3b798a2ddce4196dc1edf3b1feb47d925ea5ed8fa72dfe349b877823fa6d5a42571c4483f2ff0a350b0ad6d28fe380fe3ff00d9d21b76cf3241f9ff00f674cce39c63fe043fc297cc23a31ffbefff00ad459881a1c03f3c47f5ff00da94821538fdf42a7dd4ff00f1ca532360fef08ff81fff005a9859b3ccadff007d9ff0a12631e6241ff2dedcfe1ffdb28a664ffcf46ffbeda8a76f3115c3118e17fef814bbdbb63f21526f6f4a5de7d3f4ad2e4d888c8e303279f4ff00f551e63ff7dffefa3527987d28dedfdda57019e63ff7e4ff00be8d1e6b77924ffbecd3f79ee2977fb53bf90586799eb23ffdf4693cce4619c8eff31a9378a3cd51d452f900dde9eadff7d3526e8fd3f534f12afa0a779c9e83f3a3e4047ba3ce76af3ec6947939cec4cfaec35279e9e9fad1e72f61fad2f90f4ee33f767fe59c7f8a1a50abd922ff00be29c65f6a5f3452f90c40ab9e238bfef8a50bfec45ff7ec52f98073479b400bb07f723ffbf42976b7f753fefd8a4120ef4bbc76a91dc521b1c81ff7c0a5dad9e9ff008e8a6ef07ad289168b31dc7e1bd5bf214a1587f1bfe4299e60a5f31695985d0f1b8e7f7920a50adff3d25fcea30e297cc14598ee4b83de497fefaa3db7cbff007d545e68f4fd28f307a0fca8e562ba260a3aef97fefba7045eef27fdf755fcd1e9fa5279bedfa51cac7745af2d3fbcff00f7dd2f949dcbff00df7557ce1fe451e7ff009c52e562ba2d79519ebbbfefb3486188763ff7d1aade77f9c52f9c7fc8a7cac2e8b06187fba3f33479301fe14aafe69f5a5f30d1cac2e898c30f655a5f2e2f44fcaa0f34fad2f99ee7f3a7cac2e89c2467baff00df34e089eabff7c8aaa1ff00ce697cce3afeb4b9585d1682c63a11ff007c8a70d9fde1f9552f33dcfe7406ff0039a39185cb84a0fe323f0a4ca7795bf2aa9907ff00d74bf29fff005d1ca172d6f8c7fcb43f95219900ff00587f2aad88cf5a4f2e334f950aec98cfe921a88cb26ee2660293ca8e97ca4f4a76483505724fcd33fe75307880e589fc6a211a8edfa54574cb0dbbb8032071468c35462158efb59b8131da8db7233cf18ae84c36fb4052c303a6eac6d1edd649e4b990658d6ded5f4a727676428ababb222910e8cdff007d1a779b17475ce3a134ec0f4a5017d052e61f2909923070a0d2ac89e873f8d4b81d947e54607a7e945d0584520f738c562305b5bf68b270181fceb7075e9593acc615ccc0609c02695ecc6e37469ec52a324e7e94d207bfe55169f379d6c093923835671fe7155aa125744381e87f2a78c7ab5388a4c520b071db3f9d264ff934bb7de8db40c067fc9a3737b501452d21884b7b5265bda9d498a403373e7a7146f6a7f03b519f614ee2b116e7ef4bb8fbd389f6a5cd01619f9d275f5a9320f6a4fc2801b8fad1f4fe54a69b4ec02e4e3ffad47e03f2a6fe749f81a2c171dff01a031feed368cd1601db8ff769371f43f9d251f80a2c019f63f9d2e4fa7eb49cfa0a39ef8a00527dbf5a4c13d0feb47e54a8307b5160068f1c9c7e74c27008e39a74e5b1c544a3d73556d2e26f5b064770bf95282bfecfe5411e99a4e71de900fe31c6dffbe68007afe951e1c7ad261fde8b0ae4b85f53f9521031f78fe55161baf34a377bd161dc771fde6a2939145002607a9a51b7de99b4d1b4d021f85f7a38a660d1834582e3f0b4055a8f0697068b00fdabde976a547834b834ec171fb633d852144f4148035183400bb53d05280bed4dc1a5da6801d814607b5331460fad160b8fe3da8e299b7de8dbef4584499a03547834b4582e3f34bc1f4a8e8a2c1724c0f6a4c0f5a6d14582e3c60f7a303da9a07d28fca8014814605379a7609a602e07a8a5007a5260fad186a403b03d052e07a0a6fcd4a37d031703d28dabe947cf47cd400bb57d29768f4a6fcd4bcd002e07a51814983ef46d3ef400ec0f6a5da0fa53707de97068017681e946169369f7a36e7d6900ee28e290252f963bd03d438146e347962976500267d69777bd1b28db4805cfbd53d55f6d8b55c03dab2f5c93f71b3d48a6b707b0ed10116a18f7ad32d5574e8fcbb345e3a559e687ab12d1085e8dd4bb4d1b690c4dd4bb85260d2106801db87a567eb386b173e98abd8f7aa7aa61b4e9c039200fe74a5b151dcada14d9de87a6335ae5c573da013f68753fddadd2b5a4d2b9941bb0a6414a1c1a8ca7bd1b6a6c8bbb25de282e2a2c518a5641763f7d1be99b734628b20bb1fbe8df4cc52e29d906a3b751ba9bb4d1b4d2d07a8a5a8dd9a4d8697651a06a19a5dd462931406a2e6938a28a061c7a5181e945148038f4a4c0f4a5a31400800f4a314b4500262908fad2d1480663eb4e1c1ef4b49400f2411c8a8c8a53494c036e68c0140348df5aa484d81c53702933ef4a286ac24c4229314ea4a431bcd14b450222c9a5e7bd38034b8a771588f068e453f14628b85867e34bc914e228c5170b0dc518229f494ee161052d2d145c04c51b69d452b8584db49b4d3e8028b8ec3429a5d869dcd1cd170b09b28d94ec518a2e161bb28d829d8a3145c2c26c149b053f141c5170b0d0b4a147a52e6945170b0981e94e007a5252e7140063da8a09cf4a400d201e0fb519f6a01a3340c5cd19a33466800a5e692968b8052e68c5140099a5a5a4a2e160a297145170b0519a29695c2c252d2528a2e3b05216a79e2a26353cc5728acd85ac4d5c96603deb5e43f264d62ea24b4c31eb5707a9151591ad04bb6141ed522cd545641b47d294480679aab1172f79b4a241540cc33d6859b07a9a2c1cc6886069af285eb55e39811d6a19661b88a561b912c93b3702a2752f6f329e7229036454d1ae55bdea65b58a8ef72b69b07953938c645699a8a240ad9a9714ee2b09494ec51b68b8c4e290114ed949b68b85986452f1e946d14bb68b809914b9a314b8a571899a2968a43133452e68cd00260d21069f9a4340ec339a052d140843450692800cd19a290d310669334b83498a00334668a2801334668c518a004cd19a5c526053109485734ea4a2e1619b714b9c52e29314ef715837526ea314841a402eea29b8a2980fa29a296a4a168a4e68a042e28a28c50018a5c0a4c51400b8149b68e69698098a00c52e0d2e290098a51462971400518a3145002e28c5145030db46da5a5cd170136d2eda2968b8584082942d19a5cd2b85836e28db4519a2e01b6976d14b9a2e3b09b6976d19a334006da5c519a4a003140a3349400ea5a6d19a007628c52528a0036d2eda01a5cd200da2976e69335220eb49bb0d2b9195fe5463029e3a7e15048f8ac5ccda301ec4556760334af2d5469393493b94d589657f92b2ee8ee9055d91ff007559d2b65aba29a39aab2532629a66c03503bf3485be535bd8e7b92b5c10c293ed241ed55c914d6a7615cbf1dcfcbd454667cbd545381481886e29d85735e298606ec55949d71dab0d64607ad4c263eb59b81a299b02e5477a70b95c75ac4f38fad384ac475a5ca3523722b80ec066ac822b06da460e39ad489c9149ab171772d01914bb6923fbb4ea9284db462969695c761b4629d4945c04db462969695c06eda314ec52e28b858662936d3f14628b8ec336d1b69f45170b0cd949b6a4a28b8588f6d1b69f4628b85866da4db5252628b8588f6d26da931498a2e1623db462a4c52628b8ac336d1834fc52629dc2c331415a75145c2c336d3769a92834ee2b11eda42b4fe28a2e1623db453f145171586814bb6814ea572ac371498a7e293145c561314629d8a4c5170b098a314b8a2801314b8a00a5a0031462968a00314628a5a004c518a7518a2e161b8a29d8a3145c2c36969714629dc2c2629714b834b8a570b0dc52e29d8a5028b8ec371498a7e28c5170b0dc518a76052e28b85866da5db4f028c52b8586e28db4fc518a2e16198a4c5498a3145c2c478a5c53f6d1b68b8586814b8a76297145c2c3714629d41a2e161a0735328e4d46a39a9d07359cd94b4444c3083e954a538ef57e41841f4ac9bb942102b9dddb3786c32471ed54da5f98f22a392e0124557f34963815bc20cce7345b924fdd5532d9ef4f67261e6aaefe6baa11b1cb37a8e90d30b1dbd6873914ccf06b548c5b137d3cbe56a1eb4fdbf253b0ae395b8a70e69882a744cf6a6218739e29eaac6a558b278156a2b6c8fbb532762e28a8b131356520e39ab496f8ed56560e3a561299b46055821031c55f8970284848a9d13150e45a8d8720f969d8a551c628c5171898a314ea290c4c518a5a3140098a502814b4862628c52d140098a4c52d140098a08a5a2801b8a314b494009452d2530128a5a2801bcd14b4500368a5a2801a690d388a434086e3d29334e228a7701b8a4c53a8a2e21b8a4c1a7628229dc2c331453b145171094b4515250518a5c518a004a314b8a5c500368c53b14628b8586e28c53b14628b8584c52814b8a3145c2c2518a7629714058652814ec518a02c2628e69719a5c5016128c53b146280b0dc52e0d2e28c50161314629d8a50280b0dc1a5c52814b8a570b098a314ec5145c76131453a8a2e161b4629d45170b098a314b4b45c436968a5a2e025253a8ed45c06e28a7525170b0a832d532f069910cb5381f9ab396e50db8f96206b9fbe3b9863d2b72fb260500d63cf0fddf5a882f78d17c06504dced4f58704f1566de1dd338f6abcd6b8524d743959d8c946eae61cd9d845550a735a93c5c1fad5610f35d515a1cb27a95d90eda8caf06b41a21b6a178bad6b146527a945722a42df20a7795cd2b4749e80b51b1f26afc1196c715041016615b56b6a401594a76358c2e4715bf4c8abd1c1c0e2a78e00bd6a603d2b094ee6f1858816103b54813da9f8a5c545cbb0cdb4b8a750295c2c260d2629d494ee16128c52d14009452d14005145148028a292800a28a2800a4a2968189452d25002514b4945c0292968a6212929692800a0d1450021a434b494009452d14c06e28c52d14086d2538d26280128a5c51400945029690c28a51462800a28a5a004a2968a0031452d1400502968a0028a29681894b4b49480297145140052e28a280014514b40094b4628a002968a2800a2968a4014514b4009452d18a602514b4ddc2900b4b481852e6800a28a2800a29692802487a9fa530b61b3ed4e8f8ddf4aaf70fb109a9b5d8e225c4c0a75e954249433015427bd2b2119a65bdcf99731a93d580ad1d26b512aa9e85f85764cc7d47f5ad1940f2aabc96e436454ad931e2975b8f64d19f2a726ab9402b41e224d31adf22bae3356392506d945b15038cf4ad1fb373d2956d327a53f6a913ec9b33160663d2ac259eec66b563b4518e2aca40a3b5652ad7358d2b19f6d6583d2b4d1028005382814b58b95cd52b0628a28a91894b4628a06251451400514514005252d14c04a296929005145140051451400945145300a28a2900525145001494b494c02928a2800a4a5a434c406928cd06800cd149450014514940051451400525145021319a297145301b4b494b4862d1da929680168a28a402d1494b40052d251400b45145002d029296818b45252d0018a2814520168a3b5140052d252d0014b451400528a4a280168a28a005a2928a005a28cd1400c6cd42dbaac633498a771158330ea2a412549b4531e2cf4a007ac80d3f20d523b90d3d26c714582e5ba4a62c808a5dd48648a719fa554be3fb96c54fbbe5aa972fba375f6a23f10fecb393bb722634db394add4473d1c7f3a2f862635141feb54fbd76496871a7a9e82541a61406a41f747d290d719d5723f2c7a506314fa29dc08fcb14a100ed4ea5a2e21314b4514862d14945002d1d2928a003345145001452734b4005145140051494503168a4a28016928a2800a28a4a0028a28a004a28a2810519a4a2800a28a4a60145149400514525300a28a3ad0021a28a2800a28a280128a28a042514b4940051451400828a414b400b9a2928a062d2d369680168cd251400ea334945002d2d3696900b4b4da51400b45251400ea2928a02e2d2d25140c5cd2d2514805a5a6d2e6810b466928a005cd2d25140052d251400b9a33494b4005145140051451400c740c2a9cb194e455fa63a6e14d307a943cf28bc9a70b8c81cd33508f65bb38ed59d1cfd066a92b937b1b2b2fca6a9c92fccc09ed4d12f155a57f989ad29c3526a4f432afc7ef3351d9c7bee235f561525d7ccf56747877df47c700e6b59bb2308abb3b1ec290d2d36b8ceb0a28a2800a4a28a0414b494b40c28a29280168a4a2800a5a4a2800a2928a005a29296800a29283400b494828a005cd19a4a2800cd2d37346680168cd2669334c075252668a005cd2519a4a005a2928a620a2928a0028a28a0028e2928a000d14945002d2514500145251400514525002d14945301a0d2d3452e6900b45252d002d14945002d2d251400b45252d0014b4945002d2e69b4b480766933494b400b9a5a6d1400ecd19a6d2d003a81499a2801d4536973400b4526696900b452519a062d1499a334c42e6969b4b9a005cd1499a28016969b4b4862d1499a2802a6aab9b17c7b573992a6baab94f321653deb0ae2d082702b483226ae451cdc60d47349cd0d132f6a8d90935bc5d8c249b21da647adcd1ad7649bc8ed55ac2d3736e22b72dd020e2b2a93be86b08db52c525149589a8b4945140828a28a0028a28a002928a2800cd145140051494530168a4a280168a4a28016928cd26680173499a33499a2c02d2668a4a005a334945001466928a602e68cd251400b9a4a28a0028a28a0028a4a28016928a2800cd2514500145149400514525001451494c05cd19a4a281013452668a006834669a0d2e6815c7668cd3734b9a0771d9a334dcd19a02e3b34b9a6e68cd201d466933466801d9a334dcd19a063a9734dcd19a043f345373466818ecd1499a33400ea29b9a5cd003a8a6e68cd003a9734dcd19a007519a6e68cd003b34b4ccd2e6801d45373466801d4b4dcd19a043a8cd3734b9a063a8a6e68cfbd1601d9a334dcd2e7de900adcad5692207b558cd34e280293db29ed510b35ddd2b4481498155762b219044117815607b530714b9152c07e68a6e68cd161dc7519a6e7de8cd1601d45373466810ea334dcd19a2c31d453734669885a29b9a3228b00ea29b9f7a33400b452668cd002d19a4cd26680173452668cd0317349484d266801734669b9a33400ea4cd2668cd02173453734b9a062d2d37346680168cd266933400ecd19a6e68cd02173466933499a603b3499a4cd2679a007668a6e6933400fcd2134dcd19a02e3b3499a4cd26680b8b9a33499a4cd021d9a4a4cd19a7601738a29b9345215cfffd9),
(6, '12345', '$2y$10$GVTX.Ps9y9lAiPIh3KnCEu5yFq1s7X88ovIQL/QhIdhahh.MHxKUi', 'tdy@kfdn.com', 2, NULL, NULL);

--
-- Индексы сохранённых таблиц
--

--
-- Индексы таблицы `cities`
--
ALTER TABLE `cities`
  ADD PRIMARY KEY (`id`),
  ADD UNIQUE KEY `ucity` (`city`,`countryid`),
  ADD KEY `countryid` (`countryid`);

--
-- Индексы таблицы `comments`
--
ALTER TABLE `comments`
  ADD PRIMARY KEY (`id`),
  ADD KEY `hotelid` (`hotelid`),
  ADD KEY `userid` (`userid`);

--
-- Индексы таблицы `countries`
--
ALTER TABLE `countries`
  ADD PRIMARY KEY (`id`),
  ADD UNIQUE KEY `country` (`country`);

--
-- Индексы таблицы `hotels`
--
ALTER TABLE `hotels`
  ADD PRIMARY KEY (`id`),
  ADD KEY `cityid` (`cityid`),
  ADD KEY `countryid` (`countryid`);

--
-- Индексы таблицы `images`
--
ALTER TABLE `images`
  ADD PRIMARY KEY (`id`),
  ADD KEY `hotelid` (`hotelid`);

--
-- Индексы таблицы `roles`
--
ALTER TABLE `roles`
  ADD PRIMARY KEY (`id`);

--
-- Индексы таблицы `users`
--
ALTER TABLE `users`
  ADD PRIMARY KEY (`id`),
  ADD UNIQUE KEY `login` (`login`),
  ADD KEY `roleid` (`roleid`);

--
-- AUTO_INCREMENT для сохранённых таблиц
--

--
-- AUTO_INCREMENT для таблицы `cities`
--
ALTER TABLE `cities`
  MODIFY `id` int(11) NOT NULL AUTO_INCREMENT, AUTO_INCREMENT=13;

--
-- AUTO_INCREMENT для таблицы `comments`
--
ALTER TABLE `comments`
  MODIFY `id` int(11) NOT NULL AUTO_INCREMENT, AUTO_INCREMENT=3;

--
-- AUTO_INCREMENT для таблицы `countries`
--
ALTER TABLE `countries`
  MODIFY `id` int(11) NOT NULL AUTO_INCREMENT, AUTO_INCREMENT=19;

--
-- AUTO_INCREMENT для таблицы `hotels`
--
ALTER TABLE `hotels`
  MODIFY `id` int(11) NOT NULL AUTO_INCREMENT, AUTO_INCREMENT=10;

--
-- AUTO_INCREMENT для таблицы `images`
--
ALTER TABLE `images`
  MODIFY `id` int(11) NOT NULL AUTO_INCREMENT, AUTO_INCREMENT=26;

--
-- AUTO_INCREMENT для таблицы `roles`
--
ALTER TABLE `roles`
  MODIFY `id` int(11) NOT NULL AUTO_INCREMENT, AUTO_INCREMENT=3;

--
-- AUTO_INCREMENT для таблицы `users`
--
ALTER TABLE `users`
  MODIFY `id` int(11) NOT NULL AUTO_INCREMENT, AUTO_INCREMENT=7;

--
-- Ограничения внешнего ключа сохраненных таблиц
--

--
-- Ограничения внешнего ключа таблицы `cities`
--
ALTER TABLE `cities`
  ADD CONSTRAINT `cities_ibfk_1` FOREIGN KEY (`countryid`) REFERENCES `countries` (`id`) ON DELETE CASCADE;

--
-- Ограничения внешнего ключа таблицы `comments`
--
ALTER TABLE `comments`
  ADD CONSTRAINT `comments_ibfk_1` FOREIGN KEY (`hotelid`) REFERENCES `hotels` (`id`) ON DELETE CASCADE,
  ADD CONSTRAINT `comments_ibfk_2` FOREIGN KEY (`userid`) REFERENCES `users` (`id`) ON DELETE CASCADE;

--
-- Ограничения внешнего ключа таблицы `hotels`
--
ALTER TABLE `hotels`
  ADD CONSTRAINT `hotels_ibfk_1` FOREIGN KEY (`cityid`) REFERENCES `cities` (`id`) ON DELETE CASCADE,
  ADD CONSTRAINT `hotels_ibfk_2` FOREIGN KEY (`countryid`) REFERENCES `countries` (`id`) ON DELETE CASCADE;

--
-- Ограничения внешнего ключа таблицы `images`
--
ALTER TABLE `images`
  ADD CONSTRAINT `images_ibfk_1` FOREIGN KEY (`hotelid`) REFERENCES `cities` (`id`) ON DELETE CASCADE;

--
-- Ограничения внешнего ключа таблицы `users`
--
ALTER TABLE `users`
  ADD CONSTRAINT `users_ibfk_1` FOREIGN KEY (`roleid`) REFERENCES `roles` (`id`) ON DELETE CASCADE;
COMMIT;

/*!40101 SET CHARACTER_SET_CLIENT=@OLD_CHARACTER_SET_CLIENT */;
/*!40101 SET CHARACTER_SET_RESULTS=@OLD_CHARACTER_SET_RESULTS */;
/*!40101 SET COLLATION_CONNECTION=@OLD_COLLATION_CONNECTION */;
